브랜드,grade
감우성,D
강기둥,D
강기영,D
강말금,D
강민아,D
강부자,C
강소라,D
강승윤,D
강영석,D
강예원,D
강유석,D
강은탁,D
강지섭,D
강태오,C
강하늘,B
강한나,C
강형석,D
강훈,C
경성환,D
경수진,D
고경표,D
고두심,C
고보결,D
고성희,D
고수,C
고아라,D
고아성,D
고원희,B
고윤정,D
고준,D
고현정,D
공명,D
공승연,C
공자,D
공현주,D
공효진,D
곽도원,D
곽동연,D
곽선영,C
곽시양,B
구자성,D
권나라,C
권상우,C
권수현,D
권유리,D
권율,D
금새록,D
김강우,D
김경남,B
김고은,B
김광규,D
김규리,D
김남길,C
김남희,D
김다미,C
김대명,B
김도완,D
김동영,D
김동욱,C
김동준,C
김동희,D
김래원,C
김명민,D
김명수,D
김미숙,D
김민규,B
김민석,D
김민재,A
김민정,D
김범,B
김병철,C
김보라,D
김보미,D
김보연,D
김사랑,D
김서형,C
김선아,C
김선호,A
김성규,D
김성균,D
김성오,D
김성철,C
김세정,D
김소연,S
김소은,B
김소진,D
김소현,D
김수현,D
김슬기,C
김승수,B
김여진,D
김영광,D
김영대,C
김영민,D
김영옥,D
김영철,C
김옥빈,D
김요한,D
김우석,C
김유정,C
김응수,D
김의성,C
김재영,B
김재욱,D
김재원,C
김정민,D
김정현,C
김주헌,A
김주현,D
김준한,D
김지석,D
김지수,D
김지연,C
김지영,D
김지원,C
김지은,B
김지현,D
김진우,D
김태리,D
김하늘,B
김향기,D
김현주,C
김현진,D
김혜수,C
김혜준,D
김홍파,D
김효진,D
김흥수,D
김희선,C
김희애,D
나나,D
나문희,D
나인우,D
남궁민,A
남규리,D
남상지,B
남윤수,D
남주혁,C
남지현,C
노민우,D
노윤서,D
노정의,D
라미란,D
려운,C
로운,C
류경수,D
류준열,D
류진,D
류혜영,D
명세빈,D
문가영,D
문근영,D
문상민,D
문정혁,D
문채원,C
민우혁,D
박규영,B
박기웅,D
박민영,D
박병은,C
박보검,A
박보영,D
박서준,D
박선영,D
박성웅,D
박성훈,C
박세영,D
박세완,D
박세진,D
박소담,D
박시연,D
박시후,D
박신혜,C
박영규,D
박예진,D
박용우,D
박유나,D
박윤재,D
박은빈,S
박인환,D
박주미,B
박주현,B
박지연,D
박지영,D
박지현,C
박지후,D
박지훈,D
박진영,D
박진우,D
박진주,D
박진희,D
박하나,S
박하선,C
박해미,D
박해수,D
박해준,D
박해진,C
박형식,C
박효주,D
박희순,D
방민아,D
배누리,C
배다빈,C
배두나,C
배성우,D
배수빈,D
배수지,D
배슬기,D
배유람,D
배윤경,D
배인혁,B
배종옥,D
배현성,D
백성철,D
백성현,C
백진희,C
변우석,D
변정수,D
보나,C
봉태규,D
서강준,D
서범준,C
서예지,D
서인국,D
서준영,D
서지혜,A
서하준,D
서현,D
서현우,D
서현진,A
설인아,B
설정환,D
설현,D
성동일,B
성준,D
성훈,C
소유진,D
소이현,C
소주연,D
소지섭,D
손나은,C
손병호,D
손석구,C
손예진,C
손현주,C
손혜진,D
손호준,C
송강,B
송승헌,D
송윤아,C
송중기,S
송지호,D
송지효,D
송진우,D
송하윤,D
송혜교,S
수애,D
수현,D
신고은,D
신동미,C
신동욱,C
신민아,A
신성록,C
신세경,D
신소율,D
신승호,C
신애라,D
신예은,A
신은경,D
신재하,D
신하균,C
신현빈,C
신혜선,D
심은경,D
심이영,D
안보현,B
안소미,D
안은진,C
안재욱,D
안재현,B
안재홍,D
안효섭,S
양경원,D
양병열,D
양세종,D
양예지,D
엄기순,D
엄기준,D
엄정화,C
엄지원,D
엄태구,D
엄현경,C
여진구,A
연우,D
연우진,D
연정훈,D
염정아,D
염혜란,D
예지원,D
오나라,B
오민석,B
오승아,C
오연서,C
오연수,D
오윤아,B
오의식,D
오정세,A
오창석,C
옥자연,D
옥택연,B
옹성우,B
왕석현,D
용준형,D
우도환,C
원지안,D
원진아,D
위하준,C
유라,D
유선,C
유승호,C
유연석,A
유이,C
유인나,C
유인수,D
유인영,D
유재명,D
유재영,D
유준상,C
유지태,D
유진,C
유태오,D
육성재,C
윤계상,D
윤균상,D
윤나무,D
윤다훈,D
윤두준,D
윤박,C
윤상현,D
윤세아,D
윤시윤,B
윤제문,D
윤종훈,D
윤지온,D
윤진이,D
윤찬영,D
윤현민,C
음문석,C
이가령,D
이경영,B
이광수,D
이규형,D
이다인,D
이다희,B
이대곤,D
이대환,D
이덕화,D
이도현,S
이동욱,C
이동휘,D
이레,D
이무생,D
이미숙,D
이민기,C
이민영,C
이민정,B
이민호,D
이병헌,C
이보영,C
이보희,D
이봉련,D
이상보,D
이상엽,A
이상우,D
이상윤,C
이상이,D
이상협,D
이서진,C
이선균,D
이선빈,D
이설,D
이성경,A
이성민,C
이세영,B
이세희,B
이소연,D
이솜,D
이수경,D
이수혁,D
이순재,D
이승기,C
이승연,C
이시언,C
이시영,D
이시우,D
이엘,C
이엘리야,C
이연희,D
이영애,D
이영은,D
이요원,D
이용우,D
이원근,D
이원정,D
이유리,C
이유미,D
이유비,D
이유영,D
이이담,D
이일화,C
이장우,A
이재영,D
이재욱,B
이재원,D
이정은,B
이정재,D
이정진,D
이제훈,A
이종석,D
이종원,D
이주명,D
이주빈,C
이주영,D
이주우,D
이준,D
이준기,A
이준영,D
이준혁,B
이준호,D
이지아,B
이지은,D
이지훈,B
이진욱,C
이창훈,D
이채영,B
이초희,D
이태곤,D
이태란,D
이태리,D
이태성,D
이태환,D
이하나,B
이하늬,D
이학주,C
이한위,D
이현진,C
이휘향,D
이희준,D
인교진,D
임수정,D
임수향,A
임시완,C
임원희,D
임윤아,D
임주환,C
임지연,B
장규리,D
장기용,B
장나라,B
장동건,D
장동윤,C
장승조,A
장혁,C
장혜진,D
장희진,C
전도연,B
전미도,B
전배수,D
전소니,C
전소미,D
전소민,C
전여빈,D
전예빈,D
전인화,C
전지현,D
전혜빈,B
전혜진,C
정가람,D
정건주,C
정경호,S
정다빈,D
정동원,D
정동환,D
정려원,D
정문성,C
정민아,D
정보석,B
정상훈,D
정소민,C
정수정,C
정용화,C
정우,D
정우연,C
정웅인,D
정유미,D
정유민,C
정은지,D
정은채,D
정의제,D
정인선,D
정일우,C
정재영,D
정준호,C
정지소,C
정지훈,C
정진영,D
정채연,D
정해인,C
조병규,D
조보아,B
조승우,S
조안,D
조여정,B
조우진,D
조윤희,D
조이현,D
조재윤,D
조정석,A
조한철,D
조현철,D
주상욱,C
주원,C
주지훈,D
주현,D
주현영,D
지성,C
지수,C
지승현,D
지이수,D
지진희,D
지창욱,C
지현우,B
진경,C
진기주,A
진서연,D
진선규,D
진세연,C
진영,C
차민지,D
차서원,D
차승원,D
차예련,A
차은우,D
차주영,B
차지연,D
차태현,C
차화연,D
찬열,D
채정안,C
채종협,C
천우희,D
천호진,D
최강희,D
최다니엘,D
최대훈,C
최리,D
최명길,B
최무성,D
최성원,D
최성은,D
최수영,D
최수종,D
최시원,D
최여진,D
최우식,D
최원영,C
최유화,C
최윤소,D
최윤영,C
최정윤,D
최지우,D
최진혁,C
최현욱,D
최화정,D
최희서,D
추영우,C
추자현,D
탕준상,D
태인호,D
표예진,B
하석진,C
하재숙,D
하준,D
하지원,C
하회라,D
하희라,D
한고은,D
한다감,C
한석규,A
한선화,C
한소희,B
한예리,D
한준우,D
한지민,C
한지은,C
한지현,D
한채영,D
한혜진,D
한효주,D
함은정,C
허성태,C
허정민,D
허준호,D
현빈,B
혜리,D
홍수아,D
홍수현,D
홍승희,D
홍은희,C
홍종현,D
홍지윤,D
황민현,C
황보름별,D
황승언,C
황신혜,B
황인엽,D
황정음,D
황찬성,D
